{"branches": 61.76470588235294, "coverage": 91.68900804289544}