{"branches": 55.26315789473685, "coverage": 83.43483556638246}