{"branches": 55.26315789473685, "coverage": 81.16343490304709}